Country,ISO,UNICEF Programme Region,UNICEF Reporting Region,Women aged 15-49_National,World Bank Income Group (2022),Year
Afghanistan,AFG,ROSA,South Asia,16.1,Low income,2003
Afghanistan,AFG,ROSA,South Asia,36,Low income,2008
Afghanistan,AFG,ROSA,South Asia,47.9,Low income,2011
Afghanistan,AFG,ROSA,South Asia,51.2,Low income,2012
Afghanistan,AFG,ROSA,South Asia,58.6,Low income,2015
Afghanistan,AFG,ROSA,South Asia,59.6,Low income,2010
Afghanistan,AFG,ROSA,South Asia,63.2,Low income,2014
Afghanistan,AFG,ROSA,South Asia,65.2,Low income,2018
Afghanistan,AFG,ROSA,South Asia,70.2,Low income,2017
Albania,ALB,ECARO,Eastern Europe and Central Asia,88.4,Upper middle income,2018
Albania,ALB,ECARO,Eastern Europe and Central Asia,90.6,Upper middle income,2002
Albania,ALB,ECARO,Eastern Europe and Central Asia,95.3,Upper middle income,2000
Albania,ALB,ECARO,Eastern Europe and Central Asia,97.1,Upper middle income,2005
Albania,ALB,ECARO,Eastern Europe and Central Asia,97.3,Upper middle income,2009
Algeria,DZA,MENA,Middle East and North Africa,79,Lower middle income,2000
Algeria,DZA,MENA,Middle East and North Africa,80.7,Lower middle income,2002
Algeria,DZA,MENA,Middle East and North Africa,89.4,Lower middle income,2006
Algeria,DZA,MENA,Middle East and North Africa,92.7,Lower middle income,2013
Algeria,DZA,MENA,Middle East and North Africa,95.3,Lower middle income,2019
Angola,AGO,ESARO,Eastern and Southern Africa,79.8,Lower middle income,2007
Angola,AGO,ESARO,Eastern and Southern Africa,81.6,Lower middle income,2016
Antigua and Barbuda,ATG,LACRO,Latin America and Caribbean,99.9,High income,2000
Antigua and Barbuda,ATG,LACRO,Latin America and Caribbean,99.9,High income,2005
Antigua and Barbuda,ATG,LACRO,Latin America and Caribbean,100,High income,2004
Antigua and Barbuda,ATG,LACRO,Latin America and Caribbean,100,High income,2007
Antigua and Barbuda,ATG,LACRO,Latin America and Caribbean,100,High income,2008
Argentina,ARG,LACRO,Latin America and Caribbean,95,Upper middle income,2020
Argentina,ARG,LACRO,Latin America and Caribbean,97.5,Upper middle income,2001
Argentina,ARG,LACRO,Latin America and Caribbean,98.1,Upper middle income,2012
Argentina,ARG,LACRO,Latin America and Caribbean,99.2,Upper middle income,2005
Armenia,ARM,ECARO,Eastern Europe and Central Asia,92.4,Upper middle income,2000
Armenia,ARM,ECARO,Eastern Europe and Central Asia,93,Upper middle income,2005
Armenia,ARM,ECARO,Eastern Europe and Central Asia,99.1,Upper middle income,2010
Armenia,ARM,ECARO,Eastern Europe and Central Asia,99.6,Upper middle income,2016
Australia,AUS,Industrialized,East Asia and Pacific,98.3,High income,2008
Azerbaijan,AZE,ECARO,Eastern Europe and Central Asia,66,Upper middle income,2000
Azerbaijan,AZE,ECARO,Eastern Europe and Central Asia,70,Upper middle income,2001
Azerbaijan,AZE,ECARO,Eastern Europe and Central Asia,76.9,Upper middle income,2006
Azerbaijan,AZE,ECARO,Eastern Europe and Central Asia,91.7,Upper middle income,2011
Bahamas,BHS,LACRO,Latin America and Caribbean,98,High income,2006
Bahamas,BHS,LACRO,Latin America and Caribbean,98,High income,2007
Bahrain,BHR,MENA,Middle East and North Africa,100,High income,2007
Bangladesh,BGD,ROSA,South Asia,33.3,Lower middle income,2000
Bangladesh,BGD,ROSA,South Asia,39.8,Lower middle income,2001
Bangladesh,BGD,ROSA,South Asia,47.7,Lower middle income,2006
Bangladesh,BGD,ROSA,South Asia,48.7,Lower middle income,2004
Bangladesh,BGD,ROSA,South Asia,51.7,Lower middle income,2007
Bangladesh,BGD,ROSA,South Asia,52.8,Lower middle income,2010
Bangladesh,BGD,ROSA,South Asia,54.6,Lower middle income,2011
Bangladesh,BGD,ROSA,South Asia,58.7,Lower middle income,2013
Bangladesh,BGD,ROSA,South Asia,63.9,Lower middle income,2014
Bangladesh,BGD,ROSA,South Asia,75.2,Lower middle income,2019
Bangladesh,BGD,ROSA,South Asia,81.9,Lower middle income,2018
Barbados,BRB,LACRO,Latin America and Caribbean,93.4,High income,2012
Barbados,BRB,LACRO,Latin America and Caribbean,100,High income,2003
Barbados,BRB,LACRO,Latin America and Caribbean,100,High income,2004
Barbados,BRB,LACRO,Latin America and Caribbean,100,High income,2005
Barbados,BRB,LACRO,Latin America and Caribbean,100,High income,2006
Barbados,BRB,LACRO,Latin America and Caribbean,100,High income,2007
Belarus,BLR,ECARO,Eastern Europe and Central Asia,99.4,Upper middle income,2005
Belarus,BLR,ECARO,Eastern Europe and Central Asia,99.7,Upper middle income,2012
Belarus,BLR,ECARO,Eastern Europe and Central Asia,99.9,Upper middle income,2019
Belize,BLZ,LACRO,Latin America and Caribbean,94,Upper middle income,2006
Belize,BLZ,LACRO,Latin America and Caribbean,96.2,Upper middle income,2011
Belize,BLZ,LACRO,Latin America and Caribbean,97.2,Upper middle income,2016
Benin,BEN,WCARO,West and Central Africa,81.1,Lower middle income,2001
Benin,BEN,WCARO,West and Central Africa,82.8,Lower middle income,2014
Benin,BEN,WCARO,West and Central Africa,83.2,Lower middle income,2018
Benin,BEN,WCARO,West and Central Africa,83.5,Lower middle income,2012
Benin,BEN,WCARO,West and Central Africa,84.1,Lower middle income,2006
Bhutan,BTN,ROSA,South Asia,51,Lower middle income,2000
Bhutan,BTN,ROSA,South Asia,88,Lower middle income,2007
Bhutan,BTN,ROSA,South Asia,97.3,Lower middle income,2010
Bhutan,BTN,ROSA,South Asia,97.9,Lower middle income,2012
Bolivia (Plurinational State of),BOL,LACRO,Latin America and Caribbean,79.1,Lower middle income,2004
Bolivia (Plurinational State of),BOL,LACRO,Latin America and Caribbean,82.6,Lower middle income,2000
Bolivia (Plurinational State of),BOL,LACRO,Latin America and Caribbean,85.8,Lower middle income,2008
Bolivia (Plurinational State of),BOL,LACRO,Latin America and Caribbean,90.1,Lower middle income,2012
Bolivia (Plurinational State of),BOL,LACRO,Latin America and Caribbean,95.6,Lower middle income,2016
Bosnia and Herzegovina,BIH,ECARO,Eastern Europe and Central Asia,87,Upper middle income,2012
Bosnia and Herzegovina,BIH,ECARO,Eastern Europe and Central Asia,98.9,Upper middle income,2006
Bosnia and Herzegovina,BIH,ECARO,Eastern Europe and Central Asia,99.2,Upper middle income,2000
Botswana,BWA,ESARO,Eastern and Southern Africa,94.1,Upper middle income,2007
Botswana,BWA,ESARO,Eastern and Southern Africa,96.8,Upper middle income,2000
Brazil,BRA,LACRO,Latin America and Caribbean,96.7,Upper middle income,2007
Brazil,BRA,LACRO,Latin America and Caribbean,96.8,Upper middle income,2003
Brazil,BRA,LACRO,Latin America and Caribbean,97.2,Upper middle income,2004
Brazil,BRA,LACRO,Latin America and Caribbean,97.2,Upper middle income,2015
Brazil,BRA,LACRO,Latin America and Caribbean,97.4,Upper middle income,2005
Brazil,BRA,LACRO,Latin America and Caribbean,97.8,Upper middle income,2006
Brazil,BRA,LACRO,Latin America and Caribbean,98.2,Upper middle income,2009
Brunei Darussalam,BRN,EAPRO,East Asia and Pacific,99,High income,2009
Burkina Faso,BFA,WCARO,West and Central Africa,73.4,Low income,2003
Burkina Faso,BFA,WCARO,West and Central Africa,85,Low income,2006
Burkina Faso,BFA,WCARO,West and Central Africa,92.8,Low income,2015
Burkina Faso,BFA,WCARO,West and Central Africa,94.3,Low income,2010
Burkina Faso,BFA,WCARO,West and Central Africa,98.3,Low income,2021
Burundi,BDI,ESARO,Eastern and Southern Africa,78,Low income,2000
Burundi,BDI,ESARO,Eastern and Southern Africa,92.4,Low income,2005
Burundi,BDI,ESARO,Eastern and Southern Africa,96,Low income,2012
Burundi,BDI,ESARO,Eastern and Southern Africa,98.9,Low income,2010
Burundi,BDI,ESARO,Eastern and Southern Africa,99.2,Low income,2017
Cabo Verde,CPV,WCARO,West and Central Africa,97.6,Lower middle income,2005
Cabo Verde,CPV,WCARO,West and Central Africa,98.8,Lower middle income,2018
Cambodia,KHM,EAPRO,East Asia and Pacific,37.7,Lower middle income,2000
Cambodia,KHM,EAPRO,East Asia and Pacific,69.3,Lower middle income,2006
Cambodia,KHM,EAPRO,East Asia and Pacific,89.1,Lower middle income,2011
Cambodia,KHM,EAPRO,East Asia and Pacific,95.3,Lower middle income,2014
Cambodia,KHM,EAPRO,East Asia and Pacific,98.7,Lower middle income,2022
Cameroon,CMR,WCARO,West and Central Africa,75.3,Lower middle income,2000
Cameroon,CMR,WCARO,West and Central Africa,82,Lower middle income,2006
Cameroon,CMR,WCARO,West and Central Africa,82.8,Lower middle income,2014
Cameroon,CMR,WCARO,West and Central Africa,83.3,Lower middle income,2004
Cameroon,CMR,WCARO,West and Central Africa,84.7,Lower middle income,2011
Cameroon,CMR,WCARO,West and Central Africa,87,Lower middle income,2018
Canada,CAN,Industrialized,North America,100,High income,2007
Central African Republic,CAF,WCARO,West and Central Africa,51.8,Low income,2019
Central African Republic,CAF,WCARO,West and Central Africa,62,Low income,2000
Central African Republic,CAF,WCARO,West and Central Africa,68.2,Low income,2010
Central African Republic,CAF,WCARO,West and Central Africa,69.3,Low income,2006
Chad,TCD,WCARO,West and Central Africa,38.9,Low income,2004
Chad,TCD,WCARO,West and Central Africa,41.6,Low income,2000
Chad,TCD,WCARO,West and Central Africa,53.2,Low income,2010
Chad,TCD,WCARO,West and Central Africa,54.7,Low income,2015
China,CHN,EAPRO,East Asia and Pacific,88.9,Upper middle income,2003
China,CHN,EAPRO,East Asia and Pacific,89.4,Upper middle income,2000
China,CHN,EAPRO,East Asia and Pacific,89.7,Upper middle income,2004
China,CHN,EAPRO,East Asia and Pacific,89.7,Upper middle income,2006
China,CHN,EAPRO,East Asia and Pacific,89.8,Upper middle income,2005
China,CHN,EAPRO,East Asia and Pacific,90.1,Upper middle income,2002
China,CHN,EAPRO,East Asia and Pacific,90.3,Upper middle income,2001
China,CHN,EAPRO,East Asia and Pacific,90.9,Upper middle income,2007
China,CHN,EAPRO,East Asia and Pacific,91,Upper middle income,2008
China,CHN,EAPRO,East Asia and Pacific,92.2,Upper middle income,2009
China,CHN,EAPRO,East Asia and Pacific,93.7,Upper middle income,2011
China,CHN,EAPRO,East Asia and Pacific,94.1,Upper middle income,2010
China,CHN,EAPRO,East Asia and Pacific,95,Upper middle income,2012
China,CHN,EAPRO,East Asia and Pacific,95.6,Upper middle income,2013
China,CHN,EAPRO,East Asia and Pacific,96.2,Upper middle income,2014
China,CHN,EAPRO,East Asia and Pacific,96.5,Upper middle income,2015
China,CHN,EAPRO,East Asia and Pacific,96.6,Upper middle income,2016
China,CHN,EAPRO,East Asia and Pacific,99.2,Upper middle income,2018
Colombia,COL,LACRO,Latin America and Caribbean,90.8,Upper middle income,2000
Colombia,COL,LACRO,Latin America and Caribbean,93.5,Upper middle income,2005
Colombia,COL,LACRO,Latin America and Caribbean,97,Upper middle income,2010
Colombia,COL,LACRO,Latin America and Caribbean,97.2,Upper middle income,2016
Comoros,COM,ESARO,Eastern and Southern Africa,74.3,Lower middle income,2000
Comoros,COM,ESARO,Eastern and Southern Africa,75,Lower middle income,2004
Comoros,COM,ESARO,Eastern and Southern Africa,92.1,Lower middle income,2012
Congo,COG,WCARO,West and Central Africa,85.8,Lower middle income,2005
Congo,COG,WCARO,West and Central Africa,92.6,Lower middle income,2012
Congo,COG,WCARO,West and Central Africa,93.5,Lower middle income,2015
Cook Islands,COK,EAPRO,East Asia and Pacific,100,Not Classified,2008
Costa Rica,CRI,LACRO,Latin America and Caribbean,89.9,Upper middle income,2008
Costa Rica,CRI,LACRO,Latin America and Caribbean,91.7,Upper middle income,2004
Costa Rica,CRI,LACRO,Latin America and Caribbean,91.7,Upper middle income,2006
Costa Rica,CRI,LACRO,Latin America and Caribbean,97.6,Upper middle income,2018
Costa Rica,CRI,LACRO,Latin America and Caribbean,98.1,Upper middle income,2011
Côte d'Ivoire,CIV,WCARO,West and Central Africa,84.8,Lower middle income,2006
Côte d'Ivoire,CIV,WCARO,West and Central Africa,87.3,Lower middle income,2005
Côte d'Ivoire,CIV,WCARO,West and Central Africa,87.6,Lower middle income,2000
Côte d'Ivoire,CIV,WCARO,West and Central Africa,90.6,Lower middle income,2012
Côte d'Ivoire,CIV,WCARO,West and Central Africa,93.2,Lower middle income,2016
Côte d'Ivoire,CIV,WCARO,West and Central Africa,95.2,Lower middle income,2021
Croatia,HRV,ECARO,Eastern Europe and Central Asia,98.4,High income,2021
Cuba,CUB,LACRO,Latin America and Caribbean,98.5,Upper middle income,2014
Cuba,CUB,LACRO,Latin America and Caribbean,99.1,Upper middle income,2019
Cuba,CUB,LACRO,Latin America and Caribbean,100,Upper middle income,2000
Cuba,CUB,LACRO,Latin America and Caribbean,100,Upper middle income,2004
Cuba,CUB,LACRO,Latin America and Caribbean,100,Upper middle income,2005
Cuba,CUB,LACRO,Latin America and Caribbean,100,Upper middle income,2007
Cuba,CUB,LACRO,Latin America and Caribbean,100,Upper middle income,2009
Cuba,CUB,LACRO,Latin America and Caribbean,100,Upper middle income,2010
Cuba,CUB,LACRO,Latin America and Caribbean,100,Upper middle income,2011
Cuba,CUB,LACRO,Latin America and Caribbean,100,Upper middle income,2012
Cyprus,CYP,Industrialized,Western Europe,99.2,High income,2007
Democratic People's Republic of Korea,PRK,EAPRO,East Asia and Pacific,97.1,Low income,2000
Democratic People's Republic of Korea,PRK,EAPRO,East Asia and Pacific,99.5,Low income,2017
Democratic People's Republic of Korea,PRK,EAPRO,East Asia and Pacific,100,Low income,2009
Democratic Republic of the Congo,COD,WCARO,West and Central Africa,68.2,Low income,2001
Democratic Republic of the Congo,COD,WCARO,West and Central Africa,82.4,Low income,2018
Democratic Republic of the Congo,COD,WCARO,West and Central Africa,85.3,Low income,2007
Democratic Republic of the Congo,COD,WCARO,West and Central Africa,87.3,Low income,2010
Democratic Republic of the Congo,COD,WCARO,West and Central Africa,88.4,Low income,2014
Djibouti,DJI,MENA,Eastern and Southern Africa,67,Lower middle income,2003
Djibouti,DJI,MENA,Eastern and Southern Africa,87.7,Lower middle income,2012
Djibouti,DJI,MENA,Eastern and Southern Africa,92.3,Lower middle income,2006
Dominica,DMA,LACRO,Latin America and Caribbean,100,Upper middle income,2003
Dominica,DMA,LACRO,Latin America and Caribbean,100,Upper middle income,2004
Dominica,DMA,LACRO,Latin America and Caribbean,100,Upper middle income,2005
Dominica,DMA,LACRO,Latin America and Caribbean,100,Upper middle income,2007
Dominica,DMA,LACRO,Latin America and Caribbean,100,Upper middle income,2008
Dominican Republic,DOM,LACRO,Latin America and Caribbean,97,Upper middle income,2006
Dominican Republic,DOM,LACRO,Latin America and Caribbean,97.8,Upper middle income,2000
Dominican Republic,DOM,LACRO,Latin America and Caribbean,98,Upper middle income,2014
Dominican Republic,DOM,LACRO,Latin America and Caribbean,98,Upper middle income,2019
Dominican Republic,DOM,LACRO,Latin America and Caribbean,98.5,Upper middle income,2002
Dominican Republic,DOM,LACRO,Latin America and Caribbean,98.9,Upper middle income,2007
Dominican Republic,DOM,LACRO,Latin America and Caribbean,99.3,Upper middle income,2013
Ecuador,ECU,LACRO,Latin America and Caribbean,84.2,Upper middle income,2004
Egypt,EGY,MENA,Middle East and North Africa,52.9,Lower middle income,2000
Egypt,EGY,MENA,Middle East and North Africa,68.7,Lower middle income,2003
Egypt,EGY,MENA,Middle East and North Africa,69.6,Lower middle income,2005
Egypt,EGY,MENA,Middle East and North Africa,73.6,Lower middle income,2008
Egypt,EGY,MENA,Middle East and North Africa,90.3,Lower middle income,2014
El Salvador,SLV,LACRO,Latin America and Caribbean,86,Lower middle income,2003
El Salvador,SLV,LACRO,Latin America and Caribbean,94,Lower middle income,2008
El Salvador,SLV,LACRO,Latin America and Caribbean,96,Lower middle income,2014
Equatorial Guinea,GNQ,WCARO,West and Central Africa,86.1,Upper middle income,2000
Equatorial Guinea,GNQ,WCARO,West and Central Africa,91.3,Upper middle income,2011
Eritrea,ERI,ESARO,Eastern and Southern Africa,70.3,Low income,2002
Eritrea,ERI,ESARO,Eastern and Southern Africa,88.5,Low income,2010
Eswatini,SWZ,ESARO,Eastern and Southern Africa,84.8,Lower middle income,2007
Eswatini,SWZ,ESARO,Eastern and Southern Africa,86.6,Lower middle income,2000
Eswatini,SWZ,ESARO,Eastern and Southern Africa,89.8,Lower middle income,2002
Eswatini,SWZ,ESARO,Eastern and Southern Africa,96.8,Lower middle income,2010
Eswatini,SWZ,ESARO,Eastern and Southern Africa,98.5,Lower middle income,2014
Ethiopia,ETH,ESARO,Eastern and Southern Africa,26.7,Low income,2000
Ethiopia,ETH,ESARO,Eastern and Southern Africa,27.6,Low income,2005
Ethiopia,ETH,ESARO,Eastern and Southern Africa,33.9,Low income,2011
Ethiopia,ETH,ESARO,Eastern and Southern Africa,41.2,Low income,2014
Ethiopia,ETH,ESARO,Eastern and Southern Africa,62.4,Low income,2016
Ethiopia,ETH,ESARO,Eastern and Southern Africa,73.6,Low income,2019
Fiji,FJI,EAPRO,East Asia and Pacific,100,Upper middle income,2008
Fiji,FJI,EAPRO,East Asia and the Pacific,97.7,Upper middle income,2021
Finland,FIN,Industrialized,Western Europe,99.8,High income,2004
France,FRA,Industrialized,Western Europe,99.8,High income,2004
Gabon,GAB,WCARO,West and Central Africa,94.4,Upper middle income,2001
Gabon,GAB,WCARO,West and Central Africa,94.7,Upper middle income,2012
Gambia,GMB,WCARO,West and Central Africa,86.2,Low income,2013
Gambia,GMB,WCARO,West and Central Africa,90.7,Low income,2000
Gambia,GMB,WCARO,West and Central Africa,97.8,Low income,2006
Gambia,GMB,WCARO,West and Central Africa,97.8,Low income,2020
Gambia,GMB,WCARO,West and Central Africa,98.1,Low income,2010
Gambia,GMB,WCARO,West and Central Africa,99,Low income,2018
Georgia,GEO,ECARO,Eastern Europe and Central Asia,96.3,Upper middle income,2005
Georgia,GEO,ECARO,Eastern Europe and Central Asia,97.6,Upper middle income,2010
Germany,DEU,Industrialized,Western Europe,100,High income,2004
Ghana,GHA,WCARO,West and Central Africa,90.1,Lower middle income,2008
Ghana,GHA,WCARO,West and Central Africa,90.5,Lower middle income,2014
Ghana,GHA,WCARO,West and Central Africa,91.9,Lower middle income,2003
Ghana,GHA,WCARO,West and Central Africa,92.1,Lower middle income,2006
Ghana,GHA,WCARO,West and Central Africa,96.1,Lower middle income,2007
Ghana,GHA,WCARO,West and Central Africa,96.4,Lower middle income,2011
Ghana,GHA,WCARO,West and Central Africa,97.1,Lower middle income,2018
Ghana,GHA,WCARO,West and Central Africa,97.4,Lower middle income,2019
Ghana,GHA,WCARO,West and Central Africa,97.6,Lower middle income,2017
Grenada,GRD,LACRO,Latin America and Caribbean,99,Upper middle income,2003
Grenada,GRD,LACRO,Latin America and Caribbean,100,Upper middle income,2005
Grenada,GRD,LACRO,Latin America and Caribbean,100,Upper middle income,2007
Guatemala,GTM,LACRO,Latin America and Caribbean,84.3,Upper middle income,2002
Guatemala,GTM,LACRO,Latin America and Caribbean,91.3,Upper middle income,2015
Guatemala,GTM,LACRO,Latin America and Caribbean,93.2,Upper middle income,2009
Guinea,GIN,WCARO,Sub-Saharan Africa,86,Low income,2021
Guinea,GIN,WCARO,West and Central Africa,80.9,Low income,2018
Guinea,GIN,WCARO,West and Central Africa,82.2,Low income,2005
Guinea,GIN,WCARO,West and Central Africa,84.3,Low income,2003
Guinea,GIN,WCARO,West and Central Africa,84.3,Low income,2016
Guinea,GIN,WCARO,West and Central Africa,85.2,Low income,2012
Guinea,GIN,WCARO,West and Central Africa,88.4,Low income,2008
Guinea-Bissau,GNB,WCARO,West and Central Africa,62.1,Low income,2000
Guinea-Bissau,GNB,WCARO,West and Central Africa,77.9,Low income,2006
Guinea-Bissau,GNB,WCARO,West and Central Africa,92.4,Low income,2014
Guinea-Bissau,GNB,WCARO,West and Central Africa,92.6,Low income,2010
Guinea-Bissau,GNB,WCARO,West and Central Africa,97,Low income,2019
Guyana,GUY,LACRO,Latin America and Caribbean,80.9,Upper middle income,2000
Guyana,GUY,LACRO,Latin America and Caribbean,81.4,Upper middle income,2007
Guyana,GUY,LACRO,Latin America and Caribbean,89.2,Upper middle income,2020
Guyana,GUY,LACRO,Latin America and Caribbean,90,Upper middle income,2003
Guyana,GUY,LACRO,Latin America and Caribbean,90.7,Upper middle income,2014
Guyana,GUY,LACRO,Latin America and Caribbean,92.1,Upper middle income,2009
Haiti,HTI,LACRO,Latin America and Caribbean,78.8,Lower middle income,2000
Haiti,HTI,LACRO,Latin America and Caribbean,84.5,Lower middle income,2006
Haiti,HTI,LACRO,Latin America and Caribbean,90.3,Lower middle income,2012
Haiti,HTI,LACRO,Latin America and Caribbean,91,Lower middle income,2017
Honduras,HND,LACRO,Latin America and Caribbean,82.6,Lower middle income,2001
Honduras,HND,LACRO,Latin America and Caribbean,91.7,Lower middle income,2006
Honduras,HND,LACRO,Latin America and Caribbean,96.1,Lower middle income,2019
Honduras,HND,LACRO,Latin America and Caribbean,96.6,Lower middle income,2012
India,IND,ROSA,South Asia,61.8,Lower middle income,2000
India,IND,ROSA,South Asia,74.2,Lower middle income,2006
India,IND,ROSA,South Asia,79.3,Lower middle income,2016
India,IND,ROSA,South Asia,85.1,Lower middle income,2021
Indonesia,IDN,EAPRO,East Asia and Pacific,91.5,Lower middle income,2003
Indonesia,IDN,EAPRO,East Asia and Pacific,92.7,Lower middle income,2010
Indonesia,IDN,EAPRO,East Asia and Pacific,93.3,Lower middle income,2007
Indonesia,IDN,EAPRO,East Asia and Pacific,95.4,Lower middle income,2013
Indonesia,IDN,EAPRO,East Asia and Pacific,95.7,Lower middle income,2012
Indonesia,IDN,EAPRO,East Asia and Pacific,97.5,Lower middle income,2017
Iran (Islamic Republic of),IRN,MENA,Middle East and North Africa,96.9,Lower middle income,2010
Iran (Islamic Republic of),IRN,MENA,Middle East and North Africa,98.3,Lower middle income,2005
Iraq,IRQ,MENA,Middle East and North Africa,76.7,Upper middle income,2000
Iraq,IRQ,MENA,Middle East and North Africa,77.7,Upper middle income,2011
Iraq,IRQ,MENA,Middle East and North Africa,83.8,Upper middle income,2006
Iraq,IRQ,MENA,Middle East and North Africa,87.6,Upper middle income,2018
Ireland,IRL,Industrialized,Western Europe,99.5,High income,2004
Italy,ITA,Industrialized,Western Europe,99,High income,2004
Jamaica,JAM,LACRO,Latin America and Caribbean,90.5,Upper middle income,2005
Jamaica,JAM,LACRO,Latin America and Caribbean,97.7,Upper middle income,2011
Jamaica,JAM,LACRO,Latin America and Caribbean,98.1,Upper middle income,2002
Jamaica,JAM,LACRO,Latin America and Caribbean,99,Upper middle income,2009
Jordan,JOR,MENA,Middle East and North Africa,97.6,Upper middle income,2018
Jordan,JOR,MENA,Middle East and North Africa,98.6,Upper middle income,2002
Jordan,JOR,MENA,Middle East and North Africa,98.8,Upper middle income,2007
Jordan,JOR,MENA,Middle East and North Africa,99.1,Upper middle income,2012
Kazakhstan,KAZ,ECARO,Eastern Europe and Central Asia,99.2,Upper middle income,2011
Kazakhstan,KAZ,ECARO,Eastern Europe and Central Asia,99.3,Upper middle income,2015
Kazakhstan,KAZ,ECARO,Eastern Europe and Central Asia,99.9,Upper middle income,2006
Kenya,KEN,ESARO,Eastern and Southern Africa,76.2,Lower middle income,2000
Kenya,KEN,ESARO,Eastern and Southern Africa,85.8,Lower middle income,2010
Kenya,KEN,ESARO,Eastern and Southern Africa,88.1,Lower middle income,2003
Kenya,KEN,ESARO,Eastern and Southern Africa,91.5,Lower middle income,2009
Kenya,KEN,ESARO,Eastern and Southern Africa,92.8,Lower middle income,2020
Kenya,KEN,ESARO,Eastern and Southern Africa,93.7,Lower middle income,2015
Kenya,KEN,ESARO,Eastern and Southern Africa,95.5,Lower middle income,2014
Kiribati,KIR,EAPRO,East Asia and Pacific,88.4,Lower middle income,2009
Kiribati,KIR,EAPRO,East Asia and Pacific,89.2,Lower middle income,2019
Kiribati,KIR,EAPRO,East Asia and Pacific,100,Lower middle income,2008
Kosovo,RKS,ECARO,Not Classified,97.8,Upper middle income,2014
Kosovo,RKS,ECARO,Not Classified,99.7,Upper middle income,2020
Kuwait,KWT,MENA,Middle East and North Africa,100,High income,2007
Kyrgyzstan,KGZ,ECARO,Eastern Europe and Central Asia,96.9,Lower middle income,2006
Kyrgyzstan,KGZ,ECARO,Eastern Europe and Central Asia,97,Lower middle income,2012
Kyrgyzstan,KGZ,ECARO,Eastern Europe and Central Asia,98.4,Lower middle income,2014
Kyrgyzstan,KGZ,ECARO,Eastern Europe and Central Asia,99.8,Lower middle income,2018
Kyrgyzstan,KGZ,ECARO,Eastern Europe and Central Asia,100,Lower middle income,2020
Lao People's Democratic Republic,LAO,EAPRO,East Asia and Pacific,26.5,Lower middle income,2000
Lao People's Democratic Republic,LAO,EAPRO,East Asia and Pacific,28.7,Lower middle income,2005
Lao People's Democratic Republic,LAO,EAPRO,East Asia and Pacific,35.1,Lower middle income,2006
Lao People's Democratic Republic,LAO,EAPRO,East Asia and Pacific,54.2,Lower middle income,2012
Lao People's Democratic Republic,LAO,EAPRO,East Asia and Pacific,78.4,Lower middle income,2017
Latvia,LVA,Industrialized,Western Europe,91.8,High income,2004
Lebanon,LBN,MENA,Middle East and North Africa,95.6,Lower middle income,2004
Lesotho,LSO,ESARO,Eastern and Southern Africa,84.7,Lower middle income,2000
Lesotho,LSO,ESARO,Eastern and Southern Africa,90.4,Lower middle income,2005
Lesotho,LSO,ESARO,Eastern and Southern Africa,91.3,Lower middle income,2018
Lesotho,LSO,ESARO,Eastern and Southern Africa,91.8,Lower middle income,2009
Lesotho,LSO,ESARO,Eastern and Southern Africa,95.2,Lower middle income,2014
Liberia,LBR,WCARO,West and Central Africa,79.3,Low income,2007
Liberia,LBR,WCARO,West and Central Africa,84.4,Low income,2000
Liberia,LBR,WCARO,West and Central Africa,95.9,Low income,2013
Liberia,LBR,WCARO,West and Central Africa,97.8,Low income,2020
Libya,LBY,MENA,Middle East and North Africa,93,Upper middle income,2007
Lithuania,LTU,Industrialized,Western Europe,100,High income,2004
Madagascar,MDG,ESARO,Eastern and Southern Africa,71.2,Low income,2000
Madagascar,MDG,ESARO,Eastern and Southern Africa,79.9,Low income,2004
Madagascar,MDG,ESARO,Eastern and Southern Africa,82.1,Low income,2013
Madagascar,MDG,ESARO,Eastern and Southern Africa,85.1,Low income,2018
Madagascar,MDG,ESARO,Eastern and Southern Africa,86.3,Low income,2009
Madagascar,MDG,ESARO,Sub-Saharan Africa,88.9,Low income,2021
Malawi,MWI,ESARO,Eastern and Southern Africa,91.4,Low income,2000
Malawi,MWI,ESARO,Eastern and Southern Africa,91.9,Low income,2006
Malawi,MWI,ESARO,Eastern and Southern Africa,92.1,Low income,2005
Malawi,MWI,ESARO,Eastern and Southern Africa,94.3,Low income,2002
Malawi,MWI,ESARO,Eastern and Southern Africa,94.7,Low income,2010
Malawi,MWI,ESARO,Eastern and Southern Africa,94.8,Low income,2016
Malawi,MWI,ESARO,Eastern and Southern Africa,96.1,Low income,2014
Malawi,MWI,ESARO,Eastern and Southern Africa,96.8,Low income,2020
Malawi,MWI,ESARO,Eastern and Southern Africa,97.6,Low income,2017
Malaysia,MYS,EAPRO,East Asia and Pacific,73.6,Upper middle income,2003
Malaysia,MYS,EAPRO,East Asia and Pacific,78.8,Upper middle income,2005
Malaysia,MYS,EAPRO,East Asia and Pacific,90.7,Upper middle income,2009
Malaysia,MYS,EAPRO,East Asia and Pacific,96.5,Upper middle income,2012
Malaysia,MYS,EAPRO,East Asia and Pacific,97.2,Upper middle income,2014
Malaysia,MYS,EAPRO,East Asia and Pacific,97.4,Upper middle income,2011
Malaysia,MYS,EAPRO,East Asia and Pacific,98,Upper middle income,2013
Malaysia,MYS,EAPRO,East Asia and Pacific,99.4,Upper middle income,2016
Maldives,MDV,ROSA,South Asia,81,Upper middle income,2001
Maldives,MDV,ROSA,South Asia,95,Upper middle income,2004
Maldives,MDV,ROSA,South Asia,98.7,Upper middle income,2017
Maldives,MDV,ROSA,South Asia,99.1,Upper middle income,2009
Mali,MLI,WCARO,Sub-Saharan Africa,84.2,Low income,2021
Mali,MLI,WCARO,West and Central Africa,34.7,Low income,2010
Mali,MLI,WCARO,West and Central Africa,42.1,Low income,2015
Mali,MLI,WCARO,West and Central Africa,56.8,Low income,2001
Mali,MLI,WCARO,West and Central Africa,70.4,Low income,2006
Mali,MLI,WCARO,West and Central Africa,74.2,Low income,2013
Mali,MLI,WCARO,West and Central Africa,79.5,Low income,2018
Malta,MLT,Industrialized,Western Europe,100,High income,2004
Marshall Islands,MHL,EAPRO,East Asia and Pacific,81.2,Upper middle income,2007
Mauritania,MRT,WCARO,Sub-Saharan Africa,85,Lower middle income,2021
Mauritania,MRT,WCARO,West and Central Africa,63.9,Lower middle income,2001
Mauritania,MRT,WCARO,West and Central Africa,75.4,Lower middle income,2007
Mauritania,MRT,WCARO,West and Central Africa,84.2,Lower middle income,2011
Mauritania,MRT,WCARO,West and Central Africa,86.9,Lower middle income,2015
Mexico,MEX,LACRO,Latin America and Caribbean,95.8,Upper middle income,2009
Mexico,MEX,LACRO,Latin America and Caribbean,97.2,Upper middle income,2014
Mexico,MEX,LACRO,Latin America and Caribbean,97.6,Upper middle income,2012
Mexico,MEX,LACRO,Latin America and Caribbean,97.7,Upper middle income,2006
Mexico,MEX,LACRO,Latin America and Caribbean,98.5,Upper middle income,2015
Micronesia (Federated States of),FSM,EAPRO,East Asia and Pacific,80,Lower middle income,2008
Mongolia,MNG,EAPRO,East Asia and Pacific,96.7,Lower middle income,2000
Mongolia,MNG,EAPRO,East Asia and Pacific,98.2,Lower middle income,2003
Mongolia,MNG,EAPRO,East Asia and Pacific,98.7,Lower middle income,2014
Mongolia,MNG,EAPRO,East Asia and Pacific,98.9,Lower middle income,2005
Mongolia,MNG,EAPRO,East Asia and Pacific,99,Lower middle income,2010
Mongolia,MNG,EAPRO,East Asia and Pacific,99.1,Lower middle income,2018
Mongolia,MNG,EAPRO,East Asia and Pacific,99.5,Lower middle income,2008
Montenegro,MNE,ECARO,Eastern Europe and Central Asia,91.7,Upper middle income,2013
Montenegro,MNE,ECARO,Eastern Europe and Central Asia,97.2,Upper middle income,2018
Montenegro,MNE,ECARO,Eastern Europe and Central Asia,97.4,Upper middle income,2006
Morocco,MAR,MENA,Middle East and North Africa,67.8,Lower middle income,2004
Morocco,MAR,MENA,Middle East and North Africa,77.1,Lower middle income,2011
Morocco,MAR,MENA,Middle East and North Africa,88.5,Lower middle income,2018
Mozambique,MOZ,ESARO,Eastern and Southern Africa,75.8,Low income,2000
Mozambique,MOZ,ESARO,Eastern and Southern Africa,84.5,Low income,2003
Mozambique,MOZ,ESARO,Eastern and Southern Africa,87.2,Low income,2015
Mozambique,MOZ,ESARO,Eastern and Southern Africa,90.6,Low income,2011
Mozambique,MOZ,ESARO,Eastern and Southern Africa,92.3,Low income,2008
Mozambique,MOZ,ESARO,Eastern and Southern Africa,94,Low income,2018
Myanmar,MMR,EAPRO,East Asia and Pacific,75.6,Lower middle income,2001
Myanmar,MMR,EAPRO,East Asia and Pacific,79.8,Lower middle income,2007
Myanmar,MMR,EAPRO,East Asia and Pacific,80.7,Lower middle income,2016
Myanmar,MMR,EAPRO,East Asia and Pacific,83.1,Lower middle income,2010
Namibia,NAM,ESARO,Eastern and Southern Africa,90.6,Upper middle income,2000
Namibia,NAM,ESARO,Eastern and Southern Africa,94.6,Upper middle income,2007
Namibia,NAM,ESARO,Eastern and Southern Africa,96.6,Upper middle income,2013
Nauru,NRU,EAPRO,East Asia and Pacific,94.5,High income,2007
Nepal,NPL,ROSA,South Asia,27,Lower middle income,2000
Nepal,NPL,ROSA,South Asia,27.9,Lower middle income,2001
Nepal,NPL,ROSA,South Asia,43.7,Lower middle income,2006
Nepal,NPL,ROSA,South Asia,58.3,Lower middle income,2011
Nepal,NPL,ROSA,South Asia,68.3,Lower middle income,2014
Nepal,NPL,ROSA,South Asia,83.6,Lower middle income,2016
Nepal,NPL,ROSA,South Asia,88.8,Lower middle income,2019
Nicaragua,NIC,LACRO,Latin America and Caribbean,85.5,Lower middle income,2001
Nicaragua,NIC,LACRO,Latin America and Caribbean,90.2,Lower middle income,2007
Nicaragua,NIC,LACRO,Latin America and Caribbean,94.6,Lower middle income,2012
Niger,NER,WCARO,Sub-Saharan Africa,93.8,Low income,2021
Niger,NER,WCARO,West and Central Africa,41,Low income,2000
Niger,NER,WCARO,West and Central Africa,46.1,Low income,2006
Niger,NER,WCARO,West and Central Africa,82.8,Low income,2012
Nigeria,NGA,WCARO,West and Central Africa,57.7,Lower middle income,2008
Nigeria,NGA,WCARO,West and Central Africa,58,Lower middle income,2003
Nigeria,NGA,WCARO,West and Central Africa,60.6,Lower middle income,2013
Nigeria,NGA,WCARO,West and Central Africa,65.8,Lower middle income,2017
Nigeria,NGA,WCARO,West and Central Africa,66.2,Lower middle income,2011
Nigeria,NGA,WCARO,West and Central Africa,67,Lower middle income,2018
Nigeria,NGA,WCARO,West and Central Africa,69.6,Lower middle income,2021
Niue,NIU,EAPRO,East Asia and Pacific,100,Not Classified,2005
Niue,NIU,EAPRO,East Asia and Pacific,100,Not Classified,2008
North Macedonia,MKD,ECARO,Eastern Europe and Central Asia,81,Upper middle income,2000
North Macedonia,MKD,ECARO,Eastern Europe and Central Asia,97.3,Upper middle income,2019
North Macedonia,MKD,ECARO,Eastern Europe and Central Asia,98.1,Upper middle income,2006
North Macedonia,MKD,ECARO,Eastern Europe and Central Asia,98.6,Upper middle income,2011
Oman,OMN,MENA,Middle East and North Africa,97.8,High income,2008
Oman,OMN,MENA,Middle East and North Africa,98.6,High income,2014
Oman,OMN,MENA,Middle East and North Africa,99,High income,2009
Oman,OMN,MENA,Middle East and North Africa,99,High income,2012
Oman,OMN,MENA,Middle East and North Africa,99.6,High income,2000
Pakistan,PAK,ROSA,South Asia,43.3,Lower middle income,2001
Pakistan,PAK,ROSA,South Asia,60.9,Lower middle income,2007
Pakistan,PAK,ROSA,South Asia,73.1,Lower middle income,2013
Pakistan,PAK,ROSA,South Asia,86.2,Lower middle income,2018
Pakistan,PAK,ROSA,South Asia,91.2,Lower middle income,2019
Palau,PLW,EAPRO,East Asia and Pacific,90.3,Upper middle income,2010
Palau,PLW,EAPRO,East Asia and Pacific,100,Upper middle income,2007
Palau,PLW,EAPRO,East Asia and Pacific,100,Upper middle income,2008
Panama,PAN,LACRO,Latin America and Caribbean,93.4,High income,2013
Panama,PAN,LACRO,Latin America and Caribbean,95.8,High income,2009
Panama,PAN,LACRO,Latin America and Caribbean,99.1,High income,2015
Papua New Guinea,PNG,EAPRO,East Asia and Pacific,76.1,Lower middle income,2018
Papua New Guinea,PNG,EAPRO,East Asia and Pacific,78.8,Lower middle income,2006
Paraguay,PRY,LACRO,Latin America and Caribbean,94.2,Upper middle income,2004
Paraguay,PRY,LACRO,Latin America and Caribbean,96.3,Upper middle income,2008
Paraguay,PRY,LACRO,Latin America and Caribbean,98.7,Upper middle income,2016
Peru,PER,LACRO,Latin America and Caribbean,83.8,Upper middle income,2000
Peru,PER,LACRO,Latin America and Caribbean,91,Upper middle income,2006
Peru,PER,LACRO,Latin America and Caribbean,91.1,Upper middle income,2004
Peru,PER,LACRO,Latin America and Caribbean,94.3,Upper middle income,2009
Peru,PER,LACRO,Latin America and Caribbean,94.7,Upper middle income,2010
Peru,PER,LACRO,Latin America and Caribbean,95.4,Upper middle income,2011
Peru,PER,LACRO,Latin America and Caribbean,95.9,Upper middle income,2013
Peru,PER,LACRO,Latin America and Caribbean,96,Upper middle income,2012
Peru,PER,LACRO,Latin America and Caribbean,96.9,Upper middle income,2014
Peru,PER,LACRO,Latin America and Caribbean,97,Upper middle income,2015
Peru,PER,LACRO,Latin America and Caribbean,97.5,Upper middle income,2017
Peru,PER,LACRO,Latin America and Caribbean,97.6,Upper middle income,2016
Peru,PER,LACRO,Latin America and Caribbean,98.1,Upper middle income,2018
Peru,PER,LACRO,Latin America and Caribbean,98.1,Upper middle income,2020
Peru,PER,LACRO,Latin America and Caribbean,98.2,Upper middle income,2019
Peru,PER,LACRO,Latin America and Caribbean,98.3,Upper middle income,2021
Philippines,PHL,EAPRO,East Asia and Pacific,87.6,Lower middle income,2003
Philippines,PHL,EAPRO,East Asia and Pacific,91.1,Lower middle income,2008
Philippines,PHL,EAPRO,East Asia and Pacific,93.8,Lower middle income,2017
Philippines,PHL,EAPRO,East Asia and Pacific,94.5,Lower middle income,2011
Philippines,PHL,EAPRO,East Asia and Pacific,95.4,Lower middle income,2013
Portugal,PRT,Industrialized,Western Europe,100,High income,2004
Qatar,QAT,MENA,Middle East and North Africa,90.8,High income,2012
Qatar,QAT,MENA,Middle East and North Africa,100,High income,2009
Republic of Moldova,MDA,ECARO,Eastern Europe and Central Asia,98,Upper middle income,2005
Republic of Moldova,MDA,ECARO,Eastern Europe and Central Asia,98.8,Upper middle income,2012
Romania,ROU,ECARO,Eastern Europe and Central Asia,69.9,High income,2019
Romania,ROU,ECARO,Eastern Europe and Central Asia,70.2,High income,2018
Romania,ROU,ECARO,Eastern Europe and Central Asia,72.2,High income,2017
Romania,ROU,ECARO,Eastern Europe and Central Asia,72.3,High income,2020
Romania,ROU,ECARO,Eastern Europe and Central Asia,73.4,High income,2012
Romania,ROU,ECARO,Eastern Europe and Central Asia,73.6,High income,2016
Romania,ROU,ECARO,Eastern Europe and Central Asia,73.7,High income,2004
Romania,ROU,ECARO,Eastern Europe and Central Asia,75.2,High income,2014
Romania,ROU,ECARO,Eastern Europe and Central Asia,75.6,High income,2015
Romania,ROU,ECARO,Eastern Europe and Central Asia,78.2,High income,2013
Romania,ROU,ECARO,Eastern Europe and Central Asia,79.2,High income,2006
Romania,ROU,ECARO,Eastern Europe and Central Asia,79.5,High income,2010
Romania,ROU,ECARO,Eastern Europe and Central Asia,80.2,High income,2005
Romania,ROU,ECARO,Eastern Europe and Central Asia,80.3,High income,2011
Romania,ROU,ECARO,Eastern Europe and Central Asia,82.5,High income,2009
Romania,ROU,ECARO,Eastern Europe and Central Asia,84,High income,2007
Romania,ROU,ECARO,Eastern Europe and Central Asia,84.3,High income,2008
Rwanda,RWA,ESARO,Eastern and Southern Africa,91.5,Low income,2000
Rwanda,RWA,ESARO,Eastern and Southern Africa,94.4,Low income,2005
Rwanda,RWA,ESARO,Eastern and Southern Africa,95.8,Low income,2008
Rwanda,RWA,ESARO,Eastern and Southern Africa,97.6,Low income,2017
Rwanda,RWA,ESARO,Eastern and Southern Africa,98,Low income,2011
Rwanda,RWA,ESARO,Eastern and Southern Africa,99,Low income,2015
Rwanda,RWA,ESARO,Sub-Saharan Africa,97.7,Low income,2020
Saint Kitts and Nevis,KNA,LACRO,Latin America and Caribbean,100,High income,2004
Saint Kitts and Nevis,KNA,LACRO,Latin America and Caribbean,100,High income,2005
Saint Kitts and Nevis,KNA,LACRO,Latin America and Caribbean,100,High income,2007
Saint Lucia,LCA,LACRO,Latin America and Caribbean,47.8,Upper middle income,2000
Saint Lucia,LCA,LACRO,Latin America and Caribbean,96.9,Upper middle income,2012
Saint Lucia,LCA,LACRO,Latin America and Caribbean,99.2,Upper middle income,2004
Saint Lucia,LCA,LACRO,Latin America and Caribbean,99.2,Upper middle income,2005
Saint Lucia,LCA,LACRO,Latin America and Caribbean,99.2,Upper middle income,2006
Saint Lucia,LCA,LACRO,Latin America and Caribbean,99.2,Upper middle income,2007
Saint Vincent and the Grenadines,VCT,LACRO,Latin America and Caribbean,95,Upper middle income,2005
Saint Vincent and the Grenadines,VCT,LACRO,Latin America and Caribbean,99,Upper middle income,2000
Saint Vincent and the Grenadines,VCT,LACRO,Latin America and Caribbean,99.5,Upper middle income,2008
Samoa,WSM,EAPRO,East Asia and Pacific,93,Lower middle income,2009
Samoa,WSM,EAPRO,East Asia and Pacific,93.3,Lower middle income,2014
Samoa,WSM,EAPRO,East Asia and Pacific,94.1,Lower middle income,2020
Sao Tome and Principe,STP,WCARO,West and Central Africa,90.6,Lower middle income,2000
Sao Tome and Principe,STP,WCARO,West and Central Africa,97.3,Lower middle income,2006
Sao Tome and Principe,STP,WCARO,West and Central Africa,97.5,Lower middle income,2014
Sao Tome and Principe,STP,WCARO,West and Central Africa,97.9,Lower middle income,2009
Sao Tome and Principe,STP,WCARO,West and Central Africa,98.1,Lower middle income,2019
Saudi Arabia,SAU,MENA,Middle East and North Africa,94.6,High income,2019
Saudi Arabia,SAU,MENA,Middle East and North Africa,97,High income,2008
Senegal,SEN,WCARO,West and Central Africa,79,Lower middle income,2000
Senegal,SEN,WCARO,West and Central Africa,87.4,Lower middle income,2005
Senegal,SEN,WCARO,West and Central Africa,93.3,Lower middle income,2011
Senegal,SEN,WCARO,West and Central Africa,94.5,Lower middle income,2013
Senegal,SEN,WCARO,West and Central Africa,95,Lower middle income,2015
Senegal,SEN,WCARO,West and Central Africa,95.9,Lower middle income,2016
Senegal,SEN,WCARO,West and Central Africa,96.2,Lower middle income,2014
Senegal,SEN,WCARO,West and Central Africa,97.1,Lower middle income,2017
Senegal,SEN,WCARO,West and Central Africa,97.6,Lower middle income,2019
Senegal,SEN,WCARO,West and Central Africa,97.7,Lower middle income,2018
Serbia,SRB,ECARO,Eastern Europe and Central Asia,98.2,Upper middle income,2006
Serbia,SRB,ECARO,Eastern Europe and Central Asia,98.3,Upper middle income,2014
Serbia,SRB,ECARO,Eastern Europe and Central Asia,99,Upper middle income,2010
Serbia,SRB,ECARO,Eastern Europe and Central Asia,99.4,Upper middle income,2019
Sierra Leone,SLE,WCARO,West and Central Africa,67.9,Low income,2000
Sierra Leone,SLE,WCARO,West and Central Africa,81.1,Low income,2005
Sierra Leone,SLE,WCARO,West and Central Africa,86.9,Low income,2008
Sierra Leone,SLE,WCARO,West and Central Africa,93,Low income,2010
Sierra Leone,SLE,WCARO,West and Central Africa,97.1,Low income,2013
Sierra Leone,SLE,WCARO,West and Central Africa,97.4,Low income,2017
Sierra Leone,SLE,WCARO,West and Central Africa,97.9,Low income,2019
Slovakia,SVK,Industrialized,Western Europe,96.9,High income,2004
Slovenia,SVN,Industrialized,Western Europe,99.5,High income,2004
Solomon Islands,SLB,EAPRO,East Asia and Pacific,73.9,Lower middle income,2007
Solomon Islands,SLB,EAPRO,East Asia and Pacific,88.5,Lower middle income,2015
Somalia,SOM,ESARO,Eastern and Southern Africa,26.1,Low income,2006
Somalia,SOM,ESARO,Eastern and Southern Africa,31.1,Low income,2019
Somalia,SOM,ESARO,Eastern and Southern Africa,32.3,Low income,2000
South Africa,ZAF,ESARO,Eastern and Southern Africa,91.9,Upper middle income,2004
South Africa,ZAF,ESARO,Eastern and Southern Africa,93.7,Upper middle income,2016
South Africa,ZAF,ESARO,Eastern and Southern Africa,97.1,Upper middle income,2008
South Sudan,SSD,ESARO,Eastern and Southern Africa,26.2,Low income,2006
South Sudan,SSD,ESARO,Eastern and Southern Africa,40.3,Low income,2010
South Sudan,SSD,ESARO,Eastern and Southern Africa,61.9,Low income,2013
Sri Lanka,LKA,ROSA,South Asia,94.5,Lower middle income,2000
Sri Lanka,LKA,ROSA,South Asia,95.5,Lower middle income,2014
Sri Lanka,LKA,ROSA,South Asia,98.8,Lower middle income,2016
Sri Lanka,LKA,ROSA,South Asia,99.4,Lower middle income,2007
State of Palestine,PSE,MENA,Middle East and North Africa,95.6,Lower middle income,2000
State of Palestine,PSE,MENA,Middle East and North Africa,98,Lower middle income,2010
State of Palestine,PSE,MENA,Middle East and North Africa,98.7,Lower middle income,2020
State of Palestine,PSE,MENA,Middle East and North Africa,98.8,Lower middle income,2006
State of Palestine,PSE,MENA,Middle East and North Africa,99.4,Lower middle income,2014
Sudan,SDN,MENA,Eastern and Southern Africa,74.1,Low income,2006
Sudan,SDN,MENA,Eastern and Southern Africa,74.3,Low income,2010
Sudan,SDN,MENA,Eastern and Southern Africa,79.1,Low income,2014
Suriname,SUR,LACRO,Latin America and Caribbean,84.8,Upper middle income,2018
Suriname,SUR,LACRO,Latin America and Caribbean,89.9,Upper middle income,2006
Suriname,SUR,LACRO,Latin America and Caribbean,90.6,Upper middle income,2000
Suriname,SUR,LACRO,Latin America and Caribbean,90.9,Upper middle income,2010
Sweden,SWE,Industrialized,Western Europe,100,High income,2004
Syrian Arab Republic,SYR,MENA,Middle East and North Africa,71.2,Low income,2000
Syrian Arab Republic,SYR,MENA,Middle East and North Africa,84,Low income,2006
Syrian Arab Republic,SYR,MENA,Middle East and North Africa,87.7,Low income,2009
Tajikistan,TJK,ECARO,Eastern Europe and Central Asia,71.3,Lower middle income,2000
Tajikistan,TJK,ECARO,Eastern Europe and Central Asia,77.1,Lower middle income,2005
Tajikistan,TJK,ECARO,Eastern Europe and Central Asia,78.8,Lower middle income,2012
Tajikistan,TJK,ECARO,Eastern Europe and Central Asia,88.8,Lower middle income,2007
Tajikistan,TJK,ECARO,Eastern Europe and Central Asia,91.8,Lower middle income,2017
Thailand,THA,EAPRO,East Asia and Pacific,91.8,Upper middle income,2000
Thailand,THA,EAPRO,East Asia and Pacific,97.8,Upper middle income,2006
Thailand,THA,EAPRO,East Asia and Pacific,98.1,Upper middle income,2012
Thailand,THA,EAPRO,East Asia and Pacific,98.1,Upper middle income,2016
Thailand,THA,EAPRO,East Asia and Pacific,98.6,Upper middle income,2019
Thailand,THA,EAPRO,East Asia and Pacific,99.1,Upper middle income,2009
The Republic of Türkiye,TUR,ECARO,Eastern Europe and Central Asia,80.9,Upper middle income,2003
The Republic of Türkiye,TUR,ECARO,Eastern Europe and Central Asia,92,Upper middle income,2008
The Republic of Türkiye,TUR,ECARO,Eastern Europe and Central Asia,96.4,Upper middle income,2018
The Republic of Türkiye,TUR,ECARO,Eastern Europe and Central Asia,97,Upper middle income,2014
Timor-Leste,TLS,EAPRO,East Asia and Pacific,42.5,Lower middle income,2002
Timor-Leste,TLS,EAPRO,East Asia and Pacific,60.5,Lower middle income,2003
Timor-Leste,TLS,EAPRO,East Asia and Pacific,84.4,Lower middle income,2010
Timor-Leste,TLS,EAPRO,East Asia and Pacific,84.4,Lower middle income,2016
Togo,TGO,WCARO,West and Central Africa,71.6,Low income,2010
Togo,TGO,WCARO,West and Central Africa,72.7,Low income,2014
Togo,TGO,WCARO,West and Central Africa,72.9,Low income,2000
Togo,TGO,WCARO,West and Central Africa,77.9,Low income,2017
Togo,TGO,WCARO,West and Central Africa,84.1,Low income,2006
Togo,TGO,WCARO,West and Central Africa,84.8,Low income,2003
Tonga,TON,EAPRO,East Asia and Pacific,97.7,Upper middle income,2019
Tonga,TON,EAPRO,East Asia and Pacific,97.9,Upper middle income,2010
Tonga,TON,EAPRO,East Asia and Pacific,99,Upper middle income,2008
Tonga,TON,EAPRO,East Asia and Pacific,99,Upper middle income,2012
Trinidad and Tobago,TTO,LACRO,Latin America and Caribbean,92.4,High income,2000
Trinidad and Tobago,TTO,LACRO,Latin America and Caribbean,95.1,High income,2011
Trinidad and Tobago,TTO,LACRO,Latin America and Caribbean,95.7,High income,2006
Tunisia,TUN,MENA,Middle East and North Africa,91.5,Lower middle income,2000
Tunisia,TUN,MENA,Middle East and North Africa,95.3,Lower middle income,2018
Tunisia,TUN,MENA,Middle East and North Africa,96,Lower middle income,2006
Tunisia,TUN,MENA,Middle East and North Africa,98.1,Lower middle income,2012
Turkmenistan,TKM,ECARO,Eastern Europe and Central Asia,98.1,Upper middle income,2000
Turkmenistan,TKM,ECARO,Eastern Europe and Central Asia,99.1,Upper middle income,2006
Turkmenistan,TKM,ECARO,Eastern Europe and Central Asia,99.6,Upper middle income,2016
Turkmenistan,TKM,ECARO,Eastern Europe and Central Asia,100,Upper middle income,2019
Turks and Caicos Islands,TCA,LACRO,Latin America and Caribbean,97.3,High income,2020
Tuvalu,TUV,EAPRO,East Asia and Pacific,93.9,Upper middle income,2020
Tuvalu,TUV,EAPRO,East Asia and Pacific,97.4,Upper middle income,2007
Uganda,UGA,ESARO,Eastern and Southern Africa,92.4,Low income,2001
Uganda,UGA,ESARO,Eastern and Southern Africa,93.3,Low income,2011
Uganda,UGA,ESARO,Eastern and Southern Africa,93.5,Low income,2006
Uganda,UGA,ESARO,Eastern and Southern Africa,95.1,Low income,2018
Uganda,UGA,ESARO,Eastern and Southern Africa,97.3,Low income,2016
Ukraine,UKR,ECARO,Eastern Europe and Central Asia,98.5,Lower middle income,2007
Ukraine,UKR,ECARO,Eastern Europe and Central Asia,98.6,Lower middle income,2012
Ukraine,UKR,ECARO,Eastern Europe and Central Asia,98.8,Lower middle income,2005
United Arab Emirates,ARE,MENA,Middle East and North Africa,100,High income,2007
United Republic of Tanzania,TZA,ESARO,Eastern and Southern Africa,75.8,Lower middle income,2008
United Republic of Tanzania,TZA,ESARO,Eastern and Southern Africa,78.2,Lower middle income,2005
United Republic of Tanzania,TZA,ESARO,Eastern and Southern Africa,87.8,Lower middle income,2010
United Republic of Tanzania,TZA,ESARO,Eastern and Southern Africa,98,Lower middle income,2016
United Republic of Tanzania,TZA,ESARO,Eastern and Southern Africa,98,Lower middle income,2017
Uruguay,URY,LACRO,Latin America and Caribbean,96.2,High income,2007
Uruguay,URY,LACRO,Latin America and Caribbean,97.1,High income,2005
Uruguay,URY,LACRO,Latin America and Caribbean,97.2,High income,2013
Uzbekistan,UZB,ECARO,Eastern Europe and Central Asia,96.6,Lower middle income,2010
Uzbekistan,UZB,ECARO,Eastern Europe and Central Asia,97.2,Lower middle income,2000
Uzbekistan,UZB,ECARO,Eastern Europe and Central Asia,99,Lower middle income,2006
Uzbekistan,UZB,ECARO,Eastern Europe and Central Asia,99.1,Lower middle income,2011
Uzbekistan,UZB,ECARO,Eastern Europe and Central Asia,99.4,Lower middle income,2015
Uzbekistan,UZB,ECARO,Eastern Europe and Central Asia,99.8,Lower middle income,2012
Uzbekistan,UZB,ECARO,Eastern Europe and Central Asia,99.8,Lower middle income,2013
Uzbekistan,UZB,ECARO,Eastern Europe and Central Asia,99.8,Lower middle income,2014
Vanuatu,VUT,EAPRO,East Asia and Pacific,75.6,Lower middle income,2013
Vanuatu,VUT,EAPRO,East Asia and Pacific,84.3,Lower middle income,2007
Venezuela (Bolivarian Republic of),VEN,LACRO,Latin America and Caribbean,94.1,Not Classified,2000
Venezuela (Bolivarian Republic of),VEN,LACRO,Latin America and Caribbean,97.5,Not Classified,2013
Viet Nam,VNM,EAPRO,East Asia and Pacific,68.3,Lower middle income,2000
Viet Nam,VNM,EAPRO,East Asia and Pacific,86.4,Lower middle income,2002
Viet Nam,VNM,EAPRO,East Asia and Pacific,90.8,Lower middle income,2006
Viet Nam,VNM,EAPRO,East Asia and Pacific,93.7,Lower middle income,2011
Viet Nam,VNM,EAPRO,East Asia and Pacific,95.8,Lower middle income,2014
Viet Nam,VNM,EAPRO,East Asia and Pacific,97,Lower middle income,2021
Yemen,YEM,MENA,Middle East and North Africa,41.4,Low income,2003
Yemen,YEM,MENA,Middle East and North Africa,47,Low income,2006
Yemen,YEM,MENA,Middle East and North Africa,59.8,Low income,2013
Zambia,ZMB,ESARO,Eastern and Southern Africa,93.4,Low income,2002
Zambia,ZMB,ESARO,Eastern and Southern Africa,93.7,Low income,2007
Zambia,ZMB,ESARO,Eastern and Southern Africa,95.7,Low income,2014
Zambia,ZMB,ESARO,Eastern and Southern Africa,96.9,Low income,2019
Zimbabwe,ZWE,ESARO,Eastern and Southern Africa,88.4,Lower middle income,2009
Zimbabwe,ZWE,ESARO,Eastern and Southern Africa,89.8,Lower middle income,2011
Zimbabwe,ZWE,ESARO,Eastern and Southern Africa,93.3,Lower middle income,2015
Zimbabwe,ZWE,ESARO,Eastern and Southern Africa,93.3,Lower middle income,2019
Zimbabwe,ZWE,ESARO,Eastern and Southern Africa,93.7,Lower middle income,2014
Zimbabwe,ZWE,ESARO,Eastern and Southern Africa,94.2,Lower middle income,2006
